utc_time,avg_30d_ann_pct,basis_pct,perp_mid,event,assumed_fill,fill_price,fee_usd,notional_usd,inherited_feast
2026-07-20T07:28:35+00:00,12.792,0.0483,64157.0,ENTER,maker@ask,64172.0,0.0,500.0,True
2026-07-20T10:19:44+00:00,12.822,0.0412,64295.0,ACCRUE,3,0.0245,0.0245,0.0483
2026-07-20T12:35:12+00:00,12.842,0.0224,64732.5,ACCRUE,2,0.016,0.0405,0.0483
2026-07-20T14:52:01+00:00,12.861,0.0318,64389.0,ACCRUE,2,0.016,0.0565,0.0483
2026-07-20T16:39:57+00:00,12.881,0.0298,65491.5,ACCRUE,2,0.016,0.0725,0.0483
2026-07-20T19:00:42+00:00,12.909,0.0368,65280.5,ACCRUE,3,0.024,0.0965,0.0483
2026-07-20T20:26:53+00:00,12.917,0.0475,65291.5,ACCRUE,1,0.008,0.1045,0.0483
2026-07-20T21:45:48+00:00,12.926,0.0788,65384.0,ACCRUE,1,0.008,0.1125,0.0483
2026-07-20T23:08:59+00:00,12.943,0.0583,65232.5,ACCRUE,2,0.016,0.1285,0.0483
2026-07-21T01:02:06+00:00,12.96,0.0511,65533.0,ACCRUE,2,0.016,0.1445,0.0483
2026-07-21T04:22:20+00:00,12.985,0.0518,65697.0,ACCRUE,3,0.024,0.1685,0.0483
2026-07-21T07:14:25+00:00,13.015,0.0364,65949.0,ACCRUE,3,0.0255,0.194,0.0483
2026-07-21T10:05:08+00:00,13.044,0.0475,66330.0,ACCRUE,3,0.0255,0.2195,0.0483
2026-07-21T11:56:33+00:00,13.054,0.0528,66342.0,ACCRUE,1,0.0085,0.228,0.0483
2026-07-21T14:13:43+00:00,13.083,0.0389,66879.5,ACCRUE,3,0.0255,0.2535,0.0483
2026-07-21T16:04:49+00:00,13.102,0.0389,66783.5,ACCRUE,2,0.017,0.2705,0.0483
2026-07-21T17:39:55+00:00,13.112,0.0211,66478.5,ACCRUE,1,0.0085,0.279,0.0483
2026-07-21T19:44:56+00:00,13.131,0.0256,66484.5,ACCRUE,2,0.017,0.296,0.0483
2026-07-21T21:20:43+00:00,13.151,0.0324,66366.0,ACCRUE,2,0.017,0.313,0.0483
2026-07-21T22:29:40+00:00,13.161,0.0355,66301.5,ACCRUE,1,0.0085,0.3215,0.0483
2026-07-21T23:32:34+00:00,13.172,0.0354,66416.5,ACCRUE,1,0.0085,0.33,0.0483
2026-07-22T01:00:38+00:00,13.194,0.036,66674.0,ACCRUE,2,0.017,0.347,0.0483
2026-07-22T04:24:28+00:00,13.225,0.0723,66418.5,ACCRUE,3,0.025,0.372,0.0483
2026-07-22T07:15:50+00:00,13.254,0.0364,65945.5,ACCRUE,3,0.024,0.396,0.0483
2026-07-22T10:03:37+00:00,13.281,0.0349,65971.5,ACCRUE,3,0.023,0.419,0.0483
2026-07-22T11:58:00+00:00,13.29,0.0189,66041.0,ACCRUE,1,0.0075,0.4265,0.0483
2026-07-22T14:17:07+00:00,13.312,0.0281,65776.0,ACCRUE,3,0.021,0.4475,0.0483
2026-07-22T16:04:47+00:00,13.326,0.0356,66052.0,ACCRUE,2,0.014,0.4615,0.0483
2026-07-22T17:37:02+00:00,13.333,0.0303,66114.5,ACCRUE,1,0.007,0.4685,0.0483
2026-07-22T18:45:30+00:00,13.341,0.0433,65791.5,ACCRUE,1,0.007,0.4755,0.0483
2026-07-22T20:17:40+00:00,13.355,0.0455,65927.0,ACCRUE,2,0.014,0.4895,0.0483
2026-07-22T21:39:44+00:00,13.363,0.0409,66074.0,ACCRUE,1,0.007,0.4965,0.0483
2026-07-22T23:12:13+00:00,13.377,0.0364,66015.5,ACCRUE,2,0.014,0.5105,0.0483
2026-07-23T01:05:28+00:00,13.391,0.065,66190.5,ACCRUE,2,0.014,0.5245,0.0483
2026-07-23T04:26:26+00:00,13.413,0.0479,65765.0,ACCRUE,3,0.021,0.5455,0.0483
2026-07-23T07:10:15+00:00,13.434,0.0426,65725.0,ACCRUE,3,0.021,0.5665,0.0483
2026-07-23T10:02:11+00:00,13.46,0.0511,65636.0,ACCRUE,3,0.0225,0.589,0.0483
2026-07-23T11:57:20+00:00,13.468,0.045,65579.0,ACCRUE,1,0.0075,0.5965,0.0483
2026-07-23T14:25:20+00:00,13.504,0.0461,65157.0,ACCRUE,3,0.024,0.6205,0.0483
2026-07-23T16:10:13+00:00,13.531,0.0486,64878.0,ACCRUE,2,0.017,0.6375,0.0483
2026-07-23T17:56:54+00:00,13.544,0.0417,64834.0,ACCRUE,1,0.0085,0.646,0.0483
2026-07-23T19:39:12+00:00,13.573,0.0447,64864.5,ACCRUE,2,0.018,0.664,0.0483
2026-07-23T21:16:06+00:00,13.605,0.0469,65085.0,ACCRUE,2,0.019,0.683,0.0483
2026-07-23T22:33:14+00:00,13.622,0.0506,65213.5,ACCRUE,1,0.01,0.693,0.0483
2026-07-23T23:31:42+00:00,13.639,0.0491,65195.0,ACCRUE,1,0.01,0.703,0.0483
2026-07-24T01:00:07+00:00,13.675,0.0777,65008.5,ACCRUE,2,0.021,0.724,0.0483
2026-07-24T04:22:25+00:00,13.734,0.0551,65386.0,ACCRUE,3,0.033,0.757,0.0483
2026-07-24T07:12:01+00:00,13.796,0.0593,65761.5,ACCRUE,3,0.0345,0.7915,0.0483
2026-07-24T09:58:45+00:00,13.84,0.0599,65145.5,ACCRUE,2,0.024,0.8155,0.0483
2026-07-24T11:49:41+00:00,13.883,0.0578,64945.5,ACCRUE,2,0.024,0.8395,0.0483
2026-07-24T14:03:57+00:00,13.949,0.0633,64060.0,ACCRUE,3,0.0365,0.876,0.0483
2026-07-24T15:38:24+00:00,13.972,0.0817,64288.5,ACCRUE,1,0.0125,0.8885,0.0483
2026-07-24T17:45:56+00:00,14.018,0.0647,64206.0,ACCRUE,2,0.025,0.9135,0.0483
2026-07-24T19:42:10+00:00,14.065,0.0623,64282.5,ACCRUE,2,0.025,0.9385,0.0483
2026-07-24T21:14:25+00:00,14.113,0.0436,64186.5,ACCRUE,2,0.025,0.9635,0.0483
2026-07-24T22:37:18+00:00,14.138,0.06,64230.0,ACCRUE,1,0.0125,0.976,0.0483
2026-07-24T23:39:15+00:00,14.162,0.0577,64179.5,ACCRUE,1,0.0125,0.9885,0.0483
2026-07-25T03:31:38+00:00,14.254,0.0609,64109.5,ACCRUE,4,0.048,1.0365,0.0483
2026-07-25T06:02:30+00:00,14.324,0.0398,64056.5,ACCRUE,3,0.0355,1.072,0.0483
2026-07-25T08:19:40+00:00,14.368,0.0422,64007.0,ACCRUE,2,0.023,1.095,0.0483
2026-07-25T10:11:33+00:00,14.411,0.0484,64054.5,ACCRUE,2,0.023,1.118,0.0483
2026-07-25T11:47:02+00:00,14.433,0.0429,64088.5,ACCRUE,1,0.0115,1.1295,0.0483
2026-07-25T13:55:03+00:00,14.477,0.0662,64225.5,ACCRUE,2,0.023,1.1525,0.0483
2026-07-25T15:13:03+00:00,14.518,0.0358,64277.0,ACCRUE,2,0.023,1.1755,0.0483
2026-07-25T16:27:58+00:00,14.538,0.0686,64183.0,ACCRUE,1,0.0115,1.187,0.0483
2026-07-25T17:34:19+00:00,14.556,0.07,64341.0,ACCRUE,1,0.0115,1.1985,0.0483
2026-07-25T18:32:36+00:00,14.574,0.0598,64435.0,ACCRUE,1,0.0115,1.21,0.0483
2026-07-25T19:47:28+00:00,14.591,0.0676,64439.5,ACCRUE,1,0.0115,1.2215,0.0483
2026-07-25T21:03:09+00:00,14.626,0.0723,64364.0,ACCRUE,2,0.023,1.2445,0.0483
2026-07-25T22:02:44+00:00,14.644,0.0637,64413.5,ACCRUE,1,0.012,1.2565,0.0483
2026-07-25T23:03:22+00:00,14.662,0.0303,64427.0,ACCRUE,1,0.012,1.2685,0.0483
2026-07-26T00:08:00+00:00,14.68,0.0435,64459.5,ACCRUE,1,0.012,1.2805,0.0483
2026-07-26T04:08:51+00:00,14.746,0.0318,64539.0,ACCRUE,4,0.047,1.3275,0.0483
2026-07-26T07:13:59+00:00,14.793,0.0373,64439.5,ACCRUE,3,0.0345,1.362,0.0483
2026-07-26T09:36:10+00:00,14.821,0.0488,64549.5,ACCRUE,2,0.022,1.384,0.0483
2026-07-26T11:06:15+00:00,14.848,0.0666,64573.5,ACCRUE,2,0.022,1.406,0.0483
2026-07-26T12:12:17+00:00,14.863,0.0379,64611.5,ACCRUE,1,0.0115,1.4175,0.0483
2026-07-26T14:11:35+00:00,14.892,0.0433,64707.0,ACCRUE,2,0.023,1.4405,0.0483
2026-07-26T15:42:44+00:00,14.904,0.0486,64817.0,ACCRUE,1,0.011,1.4515,0.0483
2026-07-26T17:11:18+00:00,14.928,0.0363,64742.5,ACCRUE,2,0.022,1.4735,0.0483
2026-07-26T18:36:21+00:00,14.939,0.0564,64730.0,ACCRUE,1,0.0105,1.484,0.0483
2026-07-26T19:48:27+00:00,14.95,0.0533,64739.5,ACCRUE,1,0.0105,1.4945,0.0483
2026-07-26T21:06:57+00:00,14.971,0.0487,64711.5,ACCRUE,2,0.0205,1.515,0.0483
2026-07-26T22:09:13+00:00,14.981,0.0253,65195.0,ACCRUE,1,0.01,1.525,0.0483
2026-07-26T23:32:58+00:00,14.991,0.0475,65358.0,ACCRUE,1,0.01,1.535,0.0483
2026-07-27T01:12:18+00:00,15.01,0.0023,65152.0,ACCRUE,2,0.02,1.555,0.0483
2026-07-27T05:28:36+00:00,15.054,0.0451,65440.5,ACCRUE,4,0.042,1.597,0.0483
2026-07-27T08:57:31+00:00,15.088,0.0614,65218.5,ACCRUE,3,0.032,1.629,0.0483
2026-07-27T12:34:40+00:00,15.132,0.0648,64903.5,ACCRUE,4,0.043,1.672,0.0483
2026-07-27T15:26:45+00:00,15.162,0.0565,64646.0,ACCRUE,3,0.0315,1.7035,0.0483
2026-07-27T17:19:22+00:00,15.185,0.1943,64967.5,ACCRUE,2,0.0215,1.725,0.0483
2026-07-27T18:59:05+00:00,15.197,0.0586,64902.0,ACCRUE,1,0.011,1.736,0.0483
2026-07-27T20:38:26+00:00,15.222,0.0662,65035.5,ACCRUE,2,0.022,1.758,0.0483
2026-07-27T22:13:53+00:00,15.246,0.051,64757.0,ACCRUE,2,0.022,1.78,0.0483
2026-07-27T23:37:37+00:00,15.258,0.0769,63809.5,ACCRUE,1,0.011,1.791,0.0483
2026-07-28T03:26:51+00:00,15.311,0.0743,63332.5,ACCRUE,4,0.0455,1.8365,0.0483
2026-07-28T06:11:43+00:00,15.347,0.0647,63454.0,ACCRUE,3,0.0345,1.871,0.0483
2026-07-28T09:19:57+00:00,15.386,0.0701,63481.5,ACCRUE,3,0.0355,1.9065,0.0483
2026-07-28T11:37:17+00:00,15.413,0.0614,63567.5,ACCRUE,2,0.024,1.9305,0.0483
2026-07-28T13:16:37+00:00,15.442,0.063,63528.5,ACCRUE,2,0.025,1.9555,0.0483
2026-07-28T15:52:39+00:00,15.47,0.0407,63876.5,ACCRUE,2,0.0245,1.98,0.0483
2026-07-28T17:42:58+00:00,15.498,0.0857,63622.5,ACCRUE,2,0.0245,2.0045,0.0483
2026-07-28T19:45:41+00:00,15.525,0.0534,63725.5,ACCRUE,2,0.024,2.0285,0.0483
2026-07-28T21:16:58+00:00,15.551,0.0579,63948.0,ACCRUE,2,0.024,2.0525,0.0483
2026-07-28T22:36:59+00:00,15.566,0.0509,63922.0,ACCRUE,1,0.0125,2.065,0.0483
2026-07-28T23:35:25+00:00,15.581,0.0376,63843.5,ACCRUE,1,0.0125,2.0775,0.0483
2026-07-29T01:03:32+00:00,15.61,0.0445,64026.0,ACCRUE,2,0.025,2.1025,0.0483
2026-07-29T04:21:14+00:00,15.652,0.0699,63708.0,ACCRUE,3,0.037,2.1395,0.0483
2026-07-29T07:23:21+00:00,15.693,0.0372,64463.0,ACCRUE,3,0.036,2.1755,0.0483
2026-07-29T10:13:09+00:00,15.729,0.034,64664.0,ACCRUE,3,0.0345,2.21,0.0483
2026-07-29T12:32:09+00:00,15.751,0.0163,64366.0,ACCRUE,2,0.022,2.232,0.0483
2026-07-29T14:54:35+00:00,15.772,0.0498,64258.0,ACCRUE,2,0.0215,2.2535,0.0483
2026-07-29T16:36:09+00:00,15.791,0.0595,63943.5,ACCRUE,2,0.021,2.2745,0.0483
2026-07-29T17:51:51+00:00,15.801,0.0609,64098.5,ACCRUE,1,0.0105,2.285,0.0483
2026-07-29T19:37:10+00:00,15.817,0.0414,64060.0,ACCRUE,2,0.0205,2.3055,0.0483
2026-07-29T20:33:22+00:00,15.824,0.037,63581.5,ACCRUE,1,0.01,2.3155,0.0483
2026-07-29T21:29:58+00:00,15.832,0.0598,63610.5,ACCRUE,1,0.01,2.3255,0.0483
2026-07-29T22:32:13+00:00,15.84,0.0391,64005.0,ACCRUE,1,0.01,2.3355,0.0483
2026-07-29T23:35:26+00:00,15.847,0.0383,64008.0,ACCRUE,1,0.01,2.3455,0.0483
2026-07-30T00:58:39+00:00,15.856,0.0141,63664.5,ACCRUE,1,0.01,2.3555,0.0483
2026-07-30T04:13:10+00:00,15.885,0.0429,64136.5,ACCRUE,4,0.038,2.3935,0.0483
2026-07-30T06:26:16+00:00,15.897,0.0468,64096.0,ACCRUE,2,0.018,2.4115,0.0483
2026-07-30T06:54:15+00:00,15.897,0.0352,64009.0,ACCRUE,0,0.0,2.4115,0.0483
2026-07-30T07:16:58+00:00,15.903,0.0226,64053.0,ACCRUE,1,0.009,2.4205,0.0483
2026-07-30T10:00:57+00:00,15.919,0.0325,64595.0,ACCRUE,3,0.026,2.4465,0.0483
2026-07-30T11:58:39+00:00,15.924,0.0679,64848.5,ACCRUE,1,0.0085,2.455,0.0483
2026-07-30T14:25:11+00:00,15.937,0.1584,64793.0,ACCRUE,3,0.025,2.48,0.0483
2026-07-30T16:09:15+00:00,15.946,0.0239,64866.0,ACCRUE,2,0.016,2.496,0.0483
2026-07-30T17:58:55+00:00,15.951,0.0393,64889.5,ACCRUE,1,0.008,2.504,0.0483
2026-07-30T19:45:02+00:00,15.958,0.0177,64846.5,ACCRUE,2,0.015,2.519,0.0483
2026-07-30T21:19:27+00:00,15.966,0.0332,64770.0,ACCRUE,2,0.0155,2.5345,0.0483
2026-07-30T22:40:03+00:00,15.97,0.0324,64926.5,ACCRUE,1,0.0075,2.542,0.0483
2026-07-31T00:12:02+00:00,15.976,0.0309,64804.5,ACCRUE,2,0.0145,2.5565,0.0483
2026-07-31T04:03:45+00:00,15.987,-0.0054,64399.5,ACCRUE,4,0.0285,2.585,0.0483
2026-07-31T06:51:51+00:00,15.991,0.0195,64256.5,ACCRUE,2,0.0135,2.5985,0.0483
2026-07-31T09:50:34+00:00,15.998,0.0235,63745.0,ACCRUE,3,0.021,2.6195,0.0483
2026-07-31T12:07:33+00:00,16.006,-0.0204,63787.5,ACCRUE,3,0.0215,2.641,0.0483
2026-07-31T15:02:38+00:00,16.016,0.0423,62653.5,ACCRUE,3,0.022,2.663,0.0483
2026-07-31T16:50:57+00:00,16.02,0.0469,62886.5,ACCRUE,1,0.0075,2.6705,0.0483
2026-07-31T18:26:20+00:00,16.028,0.0467,63152.0,ACCRUE,2,0.0155,2.686,0.0483
2026-07-31T20:05:51+00:00,16.041,0.0508,63014.0,ACCRUE,2,0.017,2.703,0.0483
2026-07-31T21:17:22+00:00,16.047,0.0619,63065.0,ACCRUE,1,0.009,2.712,0.0483
2026-07-31T22:35:25+00:00,16.053,0.0532,63003.0,ACCRUE,1,0.009,2.721,0.0483
2026-07-31T23:36:58+00:00,16.059,0.0564,63014.5,ACCRUE,1,0.009,2.73,0.0483
2026-08-01T01:09:32+00:00,16.073,0.0437,62994.5,ACCRUE,2,0.019,2.749,0.0483
2026-08-01T04:58:28+00:00,16.098,0.0436,63128.5,ACCRUE,3,0.0295,2.7785,0.0483
2026-08-01T07:34:06+00:00,16.127,0.0627,63077.5,ACCRUE,3,0.0315,2.81,0.0483
2026-08-01T09:33:49+00:00,16.144,0.0594,63151.5,ACCRUE,2,0.021,2.831,0.0483
2026-08-01T11:03:08+00:00,16.163,0.0492,63076.5,ACCRUE,2,0.022,2.853,0.0483
2026-08-01T12:08:16+00:00,16.173,0.0507,63144.0,ACCRUE,1,0.011,2.864,0.0483
2026-08-01T14:08:20+00:00,16.19,0.0388,63122.5,ACCRUE,2,0.022,2.886,0.0483
2026-08-01T15:40:01+00:00,16.199,0.0436,63078.5,ACCRUE,1,0.011,2.897,0.0483
2026-08-01T17:10:12+00:00,16.216,0.0318,62993.0,ACCRUE,2,0.022,2.919,0.0483
2026-08-01T18:32:42+00:00,16.223,0.0722,62407.5,ACCRUE,1,0.0105,2.9295,0.0483
2026-08-01T19:46:29+00:00,16.23,0.0616,62533.0,ACCRUE,1,0.0105,2.94,0.0483
2026-08-01T21:04:19+00:00,16.245,0.0701,62793.0,ACCRUE,2,0.022,2.962,0.0483
2026-08-01T22:05:00+00:00,16.252,0.0661,62863.5,ACCRUE,1,0.011,2.973,0.0483
2026-08-01T23:04:12+00:00,16.26,0.0629,62886.5,ACCRUE,1,0.011,2.984,0.0483
2026-08-02T00:06:05+00:00,16.267,0.0588,62939.5,ACCRUE,1,0.011,2.995,0.0483
2026-08-02T03:47:01+00:00,16.286,0.0606,63541.0,ACCRUE,3,0.0335,3.0285,0.0483
2026-08-02T06:40:35+00:00,16.308,0.0575,63500.5,ACCRUE,3,0.0345,3.063,0.0483
2026-08-02T09:16:20+00:00,16.329,0.0585,63299.5,ACCRUE,3,0.0345,3.0975,0.0483
2026-08-02T11:03:40+00:00,16.346,0.053,63212.5,ACCRUE,2,0.024,3.1215,0.0483
2026-08-02T12:10:49+00:00,16.353,0.0673,63172.5,ACCRUE,1,0.012,3.1335,0.0483
2026-08-02T14:10:44+00:00,16.371,0.0602,63116.5,ACCRUE,2,0.0245,3.158,0.0483
2026-08-02T15:41:17+00:00,16.38,0.0539,63167.5,ACCRUE,1,0.0125,3.1705,0.0483
2026-08-02T17:10:34+00:00,16.399,0.061,63190.5,ACCRUE,2,0.026,3.1965,0.0483
2026-08-02T18:33:23+00:00,16.409,0.0695,63340.0,ACCRUE,1,0.013,3.2095,0.0483
2026-08-02T19:46:35+00:00,16.419,0.0599,63482.0,ACCRUE,1,0.013,3.2225,0.0483
2026-08-02T21:04:34+00:00,16.438,0.0811,63581.0,ACCRUE,2,0.026,3.2485,0.0483
2026-08-02T22:04:43+00:00,16.448,0.0534,63715.5,ACCRUE,1,0.013,3.2615,0.0483
2026-08-02T23:04:35+00:00,16.457,0.041,63464.5,ACCRUE,1,0.013,3.2745,0.0483
2026-08-03T00:07:29+00:00,16.464,0.037,63470.0,ACCRUE,1,0.0125,3.287,0.0483
2026-08-03T04:09:35+00:00,16.488,0.0286,62915.5,ACCRUE,4,0.048,3.335,0.0483
2026-08-03T07:59:58+00:00,16.5,0.0479,62644.5,ACCRUE,3,0.0345,3.3695,0.0483
2026-08-03T11:37:05+00:00,16.509,0.0518,62804.5,ACCRUE,4,0.044,3.4135,0.0483
2026-08-03T14:00:12+00:00,16.514,0.0221,63391.5,ACCRUE,3,0.033,3.4465,0.0483
2026-08-03T16:33:00+00:00,16.516,0.0368,63833.0,ACCRUE,2,0.0215,3.468,0.0483
2026-08-03T18:20:07+00:00,16.516,0.0501,63950.5,ACCRUE,2,0.021,3.489,0.0483
2026-08-03T20:15:26+00:00,16.514,0.0501,63931.5,ACCRUE,2,0.02,3.509,0.0483
2026-08-03T21:43:56+00:00,16.513,0.0416,63716.0,ACCRUE,1,0.01,3.519,0.0483
2026-08-03T23:13:07+00:00,16.51,0.0472,63589.5,ACCRUE,2,0.02,3.539,0.0483
2026-08-04T01:02:50+00:00,16.508,0.0425,63482.0,ACCRUE,2,0.02,3.559,0.0483
2026-08-04T04:20:32+00:00,16.508,0.0571,63905.0,ACCRUE,3,0.0315,3.5905,0.0483
2026-08-04T07:17:44+00:00,16.513,0.0314,63616.5,ACCRUE,3,0.033,3.6235,0.0483
2026-08-04T10:14:19+00:00,16.52,0.0653,63564.0,ACCRUE,3,0.033,3.6565,0.0483
2026-08-04T12:27:44+00:00,16.525,0.0423,63852.5,ACCRUE,2,0.022,3.6785,0.0483
2026-08-04T15:05:15+00:00,16.53,0.0288,64189.0,ACCRUE,3,0.032,3.7105,0.0483
2026-08-04T17:00:13+00:00,16.532,0.079,64001.5,ACCRUE,2,0.021,3.7315,0.0483
2026-08-04T18:44:12+00:00,16.533,0.0615,64288.0,ACCRUE,1,0.0105,3.742,0.0483
2026-08-04T20:38:42+00:00,16.541,0.0599,64276.5,ACCRUE,2,0.022,3.764,0.0483
2026-08-04T22:19:04+00:00,16.548,0.0475,64240.0,ACCRUE,2,0.022,3.786,0.0483
2026-08-04T23:35:33+00:00,16.552,0.046,64225.5,ACCRUE,1,0.011,3.797,0.0483
2026-08-05T00:58:29+00:00,16.555,0.0508,64052.0,ACCRUE,1,0.011,3.808,0.0483
2026-08-05T04:18:44+00:00,16.571,0.0491,64134.5,ACCRUE,4,0.0445,3.8525,0.0483
2026-08-05T07:18:35+00:00,16.582,0.0522,64187.0,ACCRUE,3,0.033,3.8855,0.0483
2026-08-05T10:12:07+00:00,16.599,0.0491,64153.5,ACCRUE,3,0.034,3.9195,0.0483
2026-08-05T12:25:25+00:00,16.608,0.0566,64515.5,ACCRUE,2,0.0215,3.941,0.0483
2026-08-05T14:58:25+00:00,16.617,0.0613,64508.5,ACCRUE,2,0.022,3.963,0.0483
2026-08-05T16:48:00+00:00,16.628,0.0534,64666.5,ACCRUE,2,0.0225,3.9855,0.0483
2026-08-05T18:41:15+00:00,16.64,0.0834,64820.5,ACCRUE,2,0.023,4.0085,0.0483
2026-08-05T20:36:56+00:00,16.653,0.0731,65023.0,ACCRUE,2,0.023,4.0315,0.0483
2026-08-05T21:51:47+00:00,16.659,0.0641,64778.0,ACCRUE,1,0.0115,4.043,0.0483
2026-08-05T23:11:05+00:00,16.673,0.0727,64721.5,ACCRUE,2,0.024,4.067,0.0483
2026-08-06T00:55:08+00:00,16.681,0.0618,64718.5,ACCRUE,1,0.012,4.079,0.0483
2026-08-06T04:21:42+00:00,16.708,0.0611,64700.0,ACCRUE,4,0.048,4.127,0.0483
2026-08-06T07:20:36+00:00,16.728,0.0508,64952.5,ACCRUE,3,0.0365,4.1635,0.0483
2026-08-06T10:13:24+00:00,16.747,0.0519,64637.0,ACCRUE,3,0.037,4.2005,0.0483
2026-08-06T12:28:28+00:00,16.757,0.0566,64578.5,ACCRUE,2,0.024,4.2245,0.0483
2026-08-06T14:57:16+00:00,16.767,0.0386,64786.5,ACCRUE,2,0.024,4.2485,0.0483
2026-08-07T00:27:54+00:00,16.786,0.0482,64328.0,ACCRUE,10,0.1075,4.356,0.0483
2026-08-07T03:33:07+00:00,16.783,0.0179,64385.5,ACCRUE,3,0.027,4.383,0.0483
2026-08-07T05:18:03+00:00,16.781,0.0693,64261.0,ACCRUE,2,0.018,4.401,0.0483
2026-08-07T06:50:56+00:00,16.781,0.0568,64345.0,ACCRUE,1,0.009,4.41,0.0483
2026-08-07T08:19:23+00:00,16.78,0.059,64459.0,ACCRUE,2,0.0175,4.4275,0.0483
2026-08-07T09:35:28+00:00,16.779,0.0493,64946.0,ACCRUE,1,0.0085,4.436,0.0483
2026-08-07T10:29:42+00:00,16.779,0.0624,64931.0,ACCRUE,1,0.009,4.445,0.0483
2026-08-07T11:25:10+00:00,16.78,0.0269,65156.0,ACCRUE,1,0.009,4.454,0.0483
2026-08-07T12:24:34+00:00,16.781,0.02,65133.5,ACCRUE,1,0.009,4.463,0.0483
2026-08-07T13:52:55+00:00,16.783,0.0276,65169.0,ACCRUE,1,0.009,4.472,0.0483
2026-08-07T15:02:40+00:00,16.784,0.0293,64968.0,ACCRUE,2,0.017,4.489,0.0483
2026-08-07T16:02:50+00:00,16.785,0.0362,64986.0,ACCRUE,1,0.0085,4.4975,0.0483
2026-08-07T17:01:51+00:00,16.786,0.0116,64826.5,ACCRUE,1,0.0085,4.506,0.0483
2026-08-07T17:54:47+00:00,16.786,0.0634,64754.5,ACCRUE,0,0.0,4.506,0.0483
2026-08-07T19:08:03+00:00,16.79,0.0849,64851.0,ACCRUE,2,0.0175,4.5235,0.0483
2026-08-07T20:09:39+00:00,16.796,0.0669,65039.5,ACCRUE,1,0.01,4.5335,0.0483
2026-08-07T21:18:30+00:00,16.802,0.057,64996.5,ACCRUE,1,0.01,4.5435,0.0483
2026-08-07T22:08:21+00:00,16.809,0.0447,64958.0,ACCRUE,1,0.0105,4.554,0.0483
2026-08-07T23:08:38+00:00,16.817,0.0239,64910.5,ACCRUE,1,0.0105,4.5645,0.0483
2026-08-08T00:02:13+00:00,16.824,0.0169,64923.0,ACCRUE,1,0.0105,4.575,0.0483
2026-08-08T02:09:39+00:00,16.837,0.0169,64917.0,ACCRUE,2,0.0205,4.5955,0.0483
2026-08-08T03:52:53+00:00,16.844,0.0292,65044.0,ACCRUE,1,0.01,4.6055,0.0483
2026-08-08T05:06:01+00:00,16.854,0.0369,65034.5,ACCRUE,2,0.0195,4.625,0.0483
2026-08-08T05:52:58+00:00,16.854,0.0292,64997.0,ACCRUE,0,0.0,4.625,0.0483
2026-08-08T07:06:17+00:00,16.864,0.04,65027.0,ACCRUE,2,0.019,4.644,0.0483
2026-08-08T07:56:05+00:00,16.864,0.0446,64988.0,ACCRUE,0,0.0,4.644,0.0483
2026-08-08T08:53:08+00:00,16.869,0.07,65028.5,ACCRUE,1,0.0095,4.6535,0.0483
2026-08-08T09:48:28+00:00,16.872,0.0638,65048.0,ACCRUE,1,0.009,4.6625,0.0483
2026-08-08T10:42:48+00:00,16.874,0.0508,65038.5,ACCRUE,1,0.009,4.6715,0.0483
2026-08-08T11:36:27+00:00,16.876,0.0508,65001.0,ACCRUE,1,0.009,4.6805,0.0483
2026-08-08T11:58:22+00:00,16.876,0.0493,64993.0,ACCRUE,0,0.0,4.6805,0.0483
2026-08-08T13:05:35+00:00,16.881,0.03,65028.5,ACCRUE,2,0.018,4.6985,0.0483
2026-08-08T13:53:21+00:00,16.881,0.01,65024.0,ACCRUE,0,0.0,4.6985,0.0483
2026-08-08T14:40:29+00:00,16.885,0.0123,65147.0,ACCRUE,1,0.0095,4.708,0.0483
2026-08-08T15:37:43+00:00,16.887,0.0184,65086.5,ACCRUE,1,0.009,4.717,0.0483
2026-08-08T16:45:12+00:00,16.89,0.0338,65075.0,ACCRUE,1,0.009,4.726,0.0483
2026-08-08T17:38:34+00:00,16.892,0.0315,65156.0,ACCRUE,1,0.009,4.735,0.0483
2026-08-08T18:51:40+00:00,16.893,0.0423,65074.0,ACCRUE,1,0.0085,4.7435,0.0483
2026-08-08T19:37:15+00:00,16.893,0.0561,65056.0,ACCRUE,1,0.008,4.7515,0.0483
2026-08-08T19:58:35+00:00,16.893,0.0592,65116.5,ACCRUE,0,0.0,4.7515,0.0483
2026-08-08T20:39:39+00:00,16.893,0.0646,65098.0,ACCRUE,1,0.008,4.7595,0.0483
2026-08-08T21:38:31+00:00,16.893,0.053,65097.5,ACCRUE,1,0.008,4.7675,0.0483
2026-08-08T22:38:45+00:00,16.893,0.0331,65006.5,ACCRUE,1,0.008,4.7755,0.0483
2026-08-08T23:37:29+00:00,16.893,0.0339,64997.5,ACCRUE,1,0.008,4.7835,0.0483
2026-08-09T02:22:15+00:00,16.893,0.0378,64861.0,ACCRUE,3,0.024,4.8075,0.0483
2026-08-09T04:01:45+00:00,16.893,0.0401,64814.5,ACCRUE,2,0.016,4.8235,0.0483
2026-08-09T05:13:22+00:00,16.893,0.0486,64811.5,ACCRUE,1,0.008,4.8315,0.0483
2026-08-09T06:11:05+00:00,16.893,0.027,64826.5,ACCRUE,1,0.008,4.8395,0.0483
2026-08-09T07:36:42+00:00,16.893,0.0386,64856.0,ACCRUE,1,0.008,4.8475,0.0483
2026-08-09T08:20:08+00:00,16.893,0.03,64940.0,ACCRUE,1,0.008,4.8555,0.0483
2026-08-09T09:20:13+00:00,16.893,0.0339,64855.0,ACCRUE,1,0.008,4.8635,0.0483
2026-08-09T10:06:34+00:00,16.893,0.0455,64928.5,ACCRUE,1,0.008,4.8715,0.0483
2026-08-09T10:48:40+00:00,16.893,0.0477,65010.0,ACCRUE,0,0.0,4.8715,0.0483
2026-08-09T11:37:34+00:00,16.893,0.0569,65037.0,ACCRUE,1,0.008,4.8795,0.0483
2026-08-09T13:08:24+00:00,16.892,0.0661,65061.5,ACCRUE,2,0.016,4.8955,0.0483
2026-08-09T14:10:14+00:00,16.892,0.059,65260.5,ACCRUE,1,0.0085,4.904,0.0483
2026-08-09T15:03:35+00:00,16.893,0.0429,65256.0,ACCRUE,1,0.0085,4.9125,0.0483
2026-08-09T15:40:12+00:00,16.893,0.0123,65248.5,ACCRUE,0,0.0,4.9125,0.0483
2026-08-09T16:47:14+00:00,16.893,0.0299,65276.5,ACCRUE,1,0.0085,4.921,0.0483
2026-08-09T17:38:56+00:00,16.893,0.0284,65244.0,ACCRUE,1,0.0085,4.9295,0.0483
2026-08-09T18:53:52+00:00,16.893,0.0307,65228.0,ACCRUE,1,0.0085,4.938,0.0483
2026-08-09T19:40:47+00:00,16.893,0.0337,65220.0,ACCRUE,1,0.0085,4.9465,0.0483
2026-08-09T20:45:03+00:00,16.893,0.0361,65165.0,ACCRUE,1,0.0085,4.955,0.0483
2026-08-09T21:41:09+00:00,16.892,0.0575,65239.0,ACCRUE,1,0.008,4.963,0.0483
2026-08-09T22:40:50+00:00,16.891,0.0377,65020.0,ACCRUE,1,0.008,4.971,0.0483
2026-08-09T23:39:45+00:00,16.89,0.0301,64903.0,ACCRUE,1,0.008,4.979,0.0483
2026-08-10T02:26:59+00:00,16.886,0.057,64979.0,ACCRUE,3,0.024,5.003,0.0483
2026-08-10T04:15:59+00:00,16.885,0.0668,65120.0,ACCRUE,2,0.0165,5.0195,0.0483
2026-08-10T05:58:16+00:00,16.886,0.056,65166.5,ACCRUE,1,0.0085,5.028,0.0483
2026-08-10T07:58:03+00:00,16.886,0.0537,65233.5,ACCRUE,2,0.017,5.045,0.0483
2026-08-10T09:42:15+00:00,16.889,0.0615,65106.0,ACCRUE,2,0.018,5.063,0.0483
2026-08-10T11:15:55+00:00,16.893,0.0538,65059.5,ACCRUE,2,0.018,5.081,0.0483
2026-08-10T12:11:30+00:00,16.896,0.0667,65222.0,ACCRUE,1,0.009,5.09,0.0483
2026-08-10T13:59:26+00:00,16.898,0.0046,64586.5,ACCRUE,1,0.009,5.099,0.0483
2026-08-10T15:08:43+00:00,16.9,0.0464,64712.0,ACCRUE,2,0.017,5.116,0.0483
2026-08-10T16:26:07+00:00,16.902,0.0187,64130.0,ACCRUE,1,0.009,5.125,0.0483
2026-08-10T17:29:31+00:00,16.903,0.0516,63986.5,ACCRUE,1,0.0085,5.1335,0.0483
2026-08-10T18:26:59+00:00,16.906,0.0524,64007.0,ACCRUE,1,0.009,5.1425,0.0483
2026-08-10T19:34:44+00:00,16.908,0.0546,64109.5,ACCRUE,1,0.009,5.1515,0.0483
2026-08-10T20:17:58+00:00,16.91,0.0406,64125.0,ACCRUE,1,0.009,5.1605,0.0483
2026-08-10T21:22:03+00:00,16.914,0.0445,64141.0,ACCRUE,1,0.0095,5.17,0.0483
2026-08-10T22:09:51+00:00,16.918,0.0547,64046.5,ACCRUE,1,0.0095,5.1795,0.0483
2026-08-10T23:08:27+00:00,16.921,0.0445,64018.0,ACCRUE,1,0.0095,5.189,0.0483
2026-08-11T00:03:16+00:00,16.926,0.0626,63968.0,ACCRUE,1,0.01,5.199,0.0483
2026-08-11T02:20:51+00:00,16.936,0.0663,64103.5,ACCRUE,2,0.02,5.219,0.0483
2026-08-11T04:03:30+00:00,16.946,0.0639,64196.0,ACCRUE,2,0.02,5.239,0.0483
2026-08-11T05:17:33+00:00,16.949,0.0554,64081.5,ACCRUE,1,0.01,5.249,0.0483
2026-08-11T06:30:38+00:00,16.953,0.0368,63956.5,ACCRUE,1,0.01,5.259,0.0483
2026-08-11T07:48:18+00:00,16.958,0.0429,64118.5,ACCRUE,1,0.01,5.269,0.0483
2026-08-11T09:09:41+00:00,16.966,0.0413,64164.0,ACCRUE,2,0.0195,5.2885,0.0483
2026-08-11T10:27:06+00:00,16.97,0.0156,64261.5,ACCRUE,1,0.0095,5.298,0.0483
2026-08-11T11:24:10+00:00,16.974,0.0389,64366.5,ACCRUE,1,0.0095,5.3075,0.0483
2026-08-11T12:25:29+00:00,16.977,0.042,64328.0,ACCRUE,1,0.0095,5.317,0.0483
2026-08-11T14:00:03+00:00,16.985,0.0444,64224.0,ACCRUE,1,0.0095,5.3265,0.0483
2026-08-11T15:08:15+00:00,16.99,0.036,63874.0,ACCRUE,2,0.019,5.3455,0.0483
2026-08-11T16:27:38+00:00,16.993,0.0495,63633.0,ACCRUE,1,0.0095,5.355,0.0483
2026-08-11T17:31:52+00:00,16.998,0.0621,63598.5,ACCRUE,1,0.01,5.365,0.0483
2026-08-11T18:28:08+00:00,17.004,0.0622,63562.5,ACCRUE,1,0.01,5.375,0.0483
2026-08-11T19:38:41+00:00,17.011,0.0939,63448.5,ACCRUE,1,0.0105,5.3855,0.0483
2026-08-11T20:57:01+00:00,17.019,0.0698,63788.0,ACCRUE,1,0.0105,5.396,0.0483
2026-08-11T21:57:31+00:00,17.027,0.0722,63726.0,ACCRUE,1,0.011,5.407,0.0483
2026-08-11T22:54:06+00:00,17.036,0.0927,63720.0,ACCRUE,1,0.011,5.418,0.0483
2026-08-11T23:51:43+00:00,17.046,0.0715,63688.0,ACCRUE,1,0.0115,5.4295,0.0483
2026-08-12T02:35:14+00:00,17.073,0.0313,63851.5,ACCRUE,3,0.034,5.4635,0.0483
2026-08-12T04:25:17+00:00,17.092,0.0462,63901.0,ACCRUE,2,0.022,5.4855,0.0483
2026-08-12T06:00:58+00:00,17.111,0.0611,63840.5,ACCRUE,2,0.022,5.5075,0.0483
2026-08-12T07:44:49+00:00,17.122,0.0463,63728.5,ACCRUE,1,0.0115,5.519,0.0483
2026-08-12T09:19:48+00:00,17.144,0.0336,63929.0,ACCRUE,2,0.023,5.542,0.0483
2026-08-12T10:38:09+00:00,17.155,0.039,64126.0,ACCRUE,1,0.0115,5.5535,0.0483
2026-08-12T11:54:42+00:00,17.166,0.035,64258.5,ACCRUE,1,0.0115,5.565,0.0483
2026-08-12T13:35:21+00:00,17.185,0.0383,63961.5,ACCRUE,2,0.022,5.587,0.0483
2026-08-12T14:39:15+00:00,17.195,0.0456,63602.5,ACCRUE,1,0.011,5.598,0.0483
2026-08-12T16:09:28+00:00,17.217,0.0694,63454.5,ACCRUE,2,0.023,5.621,0.0483
2026-08-12T17:07:06+00:00,17.227,0.0708,63559.5,ACCRUE,1,0.0115,5.6325,0.0483
2026-08-12T18:03:45+00:00,17.237,0.0764,63499.5,ACCRUE,1,0.0115,5.644,0.0483
2026-08-12T19:14:49+00:00,17.246,0.0694,63437.5,ACCRUE,1,0.0115,5.6555,0.0483
2026-08-12T20:11:36+00:00,17.256,0.0622,63516.5,ACCRUE,1,0.0115,5.667,0.0483
2026-08-12T21:23:52+00:00,17.266,0.0503,63607.5,ACCRUE,1,0.0115,5.6785,0.0483
2026-08-12T22:20:45+00:00,17.274,0.0606,63539.5,ACCRUE,1,0.011,5.6895,0.0483
2026-08-12T23:19:44+00:00,17.283,0.0654,63463.0,ACCRUE,1,0.011,5.7005,0.0483
2026-08-13T00:10:29+00:00,17.29,0.0629,63630.0,ACCRUE,1,0.011,5.7115,0.0483
2026-08-13T03:11:00+00:00,17.313,0.0567,63575.5,ACCRUE,3,0.0335,5.745,0.0483
2026-08-13T05:20:04+00:00,17.328,0.0806,63968.5,ACCRUE,2,0.023,5.768,0.0483
2026-08-13T07:00:19+00:00,17.342,0.0399,63968.5,ACCRUE,2,0.023,5.791,0.0483
2026-08-13T08:38:22+00:00,17.35,0.0361,63814.0,ACCRUE,1,0.0115,5.8025,0.0483
2026-08-13T10:22:22+00:00,17.364,0.044,63671.5,ACCRUE,2,0.023,5.8255,0.0483
2026-08-13T11:23:43+00:00,17.372,0.074,63529.0,ACCRUE,1,0.0115,5.837,0.0483
2026-08-13T12:27:03+00:00,17.38,0.0708,63621.0,ACCRUE,1,0.012,5.849,0.0483
2026-08-13T14:02:08+00:00,17.398,0.051,63779.0,ACCRUE,2,0.025,5.874,0.0483
2026-08-13T15:06:09+00:00,17.408,0.0611,63908.0,ACCRUE,1,0.013,5.887,0.0483
2026-08-13T16:06:35+00:00,17.418,0.0409,63526.5,ACCRUE,1,0.013,5.9,0.0483
2026-08-13T17:08:26+00:00,17.428,0.065,63124.5,ACCRUE,1,0.013,5.913,0.0483
2026-08-13T18:29:32+00:00,17.437,0.0768,63169.0,ACCRUE,1,0.013,5.926,0.0483
2026-08-13T19:37:37+00:00,17.447,0.067,63475.5,ACCRUE,1,0.013,5.939,0.0483
2026-08-13T20:54:47+00:00,17.457,0.06,63421.5,ACCRUE,1,0.013,5.952,0.0483
2026-08-13T21:55:29+00:00,17.466,0.0465,63488.5,ACCRUE,1,0.013,5.965,0.0483
2026-08-13T22:54:19+00:00,17.476,0.0535,63566.5,ACCRUE,1,0.013,5.978,0.0483
2026-08-13T23:51:55+00:00,17.486,0.0576,63458.5,ACCRUE,1,0.013,5.991,0.0483
2026-08-14T02:35:33+00:00,17.519,0.0708,63578.0,ACCRUE,3,0.039,6.03,0.0483
2026-08-14T04:25:34+00:00,17.541,0.0513,63404.5,ACCRUE,2,0.026,6.056,0.0483
2026-08-14T06:01:01+00:00,17.56,0.0576,63403.0,ACCRUE,2,0.025,6.081,0.0483
2026-08-14T07:43:46+00:00,17.57,0.0611,63068.5,ACCRUE,1,0.0125,6.0935,0.0483
2026-08-14T09:14:51+00:00,17.591,0.0493,62905.0,ACCRUE,2,0.0255,6.119,0.0483
2026-08-14T10:34:50+00:00,17.602,0.0596,62958.5,ACCRUE,1,0.013,6.132,0.0483
2026-08-14T11:23:25+00:00,17.614,0.0684,62925.0,ACCRUE,1,0.0135,6.1455,0.0483
2026-08-14T12:24:52+00:00,17.625,0.0525,62900.5,ACCRUE,1,0.013,6.1585,0.0483
2026-08-14T13:56:52+00:00,17.636,0.0599,62658.0,ACCRUE,1,0.013,6.1715,0.0483
2026-08-14T15:00:40+00:00,17.656,0.0607,62681.0,ACCRUE,2,0.0255,6.197,0.0483
2026-08-14T15:59:13+00:00,17.656,0.0571,63050.5,ACCRUE,0,0.0,6.197,0.0483
2026-08-14T17:01:41+00:00,17.678,0.0657,63202.0,ACCRUE,2,0.025,6.222,0.0483
2026-08-14T17:57:43+00:00,17.678,0.0603,63049.5,ACCRUE,0,0.0,6.222,0.0483
2026-08-14T19:05:39+00:00,17.7,0.0763,62923.5,ACCRUE,2,0.025,6.247,0.0483
2026-08-14T19:52:23+00:00,17.7,0.0588,63000.0,ACCRUE,0,0.0,6.247,0.0483
2026-08-14T20:38:07+00:00,17.711,0.0596,62959.0,ACCRUE,1,0.0125,6.2595,0.0483
2026-08-14T21:33:52+00:00,17.722,0.0604,62922.0,ACCRUE,1,0.0125,6.272,0.0483
2026-08-14T21:53:23+00:00,17.722,0.0501,62920.0,ACCRUE,0,0.0,6.272,0.0483
2026-08-14T22:32:55+00:00,17.733,0.0525,62878.0,ACCRUE,1,0.0125,6.2845,0.0483
2026-08-14T22:53:20+00:00,17.733,0.0493,62906.0,ACCRUE,0,0.0,6.2845,0.0483
2026-08-14T23:29:40+00:00,17.744,0.031,62969.5,ACCRUE,1,0.0125,6.297,0.0483
2026-08-14T23:52:19+00:00,17.744,0.0333,63049.0,ACCRUE,0,0.0,6.297,0.0483
2026-08-15T01:43:55+00:00,17.766,0.0476,63059.0,ACCRUE,2,0.025,6.322,0.0483
2026-08-15T02:59:08+00:00,17.775,0.0475,63162.5,ACCRUE,1,0.012,6.334,0.0483
2026-08-15T03:47:57+00:00,17.785,0.023,63079.0,ACCRUE,1,0.012,6.346,0.0483
2026-08-15T04:40:07+00:00,17.796,0.034,63169.5,ACCRUE,1,0.012,6.358,0.0483
2026-08-15T05:32:58+00:00,17.806,0.0372,63149.5,ACCRUE,1,0.012,6.37,0.0483
2026-08-15T05:54:11+00:00,17.806,0.0365,63093.0,ACCRUE,0,0.0,6.37,0.0483
2026-08-15T06:52:14+00:00,17.814,0.0571,63125.5,ACCRUE,1,0.0115,6.3815,0.0483
2026-08-15T07:36:58+00:00,17.823,0.0571,63129.0,ACCRUE,1,0.0115,6.393,0.0483
2026-08-15T07:56:41+00:00,17.823,0.0928,63100.5,ACCRUE,0,0.0,6.393,0.0483
2026-08-15T08:39:10+00:00,17.831,0.0658,63071.0,ACCRUE,1,0.0115,6.4045,0.0483
2026-08-15T09:33:45+00:00,17.841,0.0691,63035.0,ACCRUE,1,0.0115,6.416,0.0483
