utc_time,best_bid,best_ask,spread_pct,bid_depth_usd,ask_depth_usd,last_funding_rate,last_funding_time,perp_last,spot_last,basis_pct,eth_spread_pct,eth_bid_depth_usd,eth_ask_depth_usd,eth_perp_mid,eth_basis_pct
2026-07-19T14:41:31+00:00,64510.0,64530.0,0.031,195969,201567,2e-05,2026-07-19T14:00:00Z,64515.0,64489.0,0.0403
2026-07-19T16:05:44+00:00,64645.0,64676.0,0.04794,194506,192911,2e-05,2026-07-19T16:00:00Z,64623.0,64559.0,0.0991
2026-07-19T18:04:09+00:00,64483.0,64512.0,0.04496,210697,186679,1.9e-05,2026-07-19T18:00:00Z,64484.0,64687.0,-0.3138
2026-07-19T19:29:05+00:00,64451.0,64485.0,0.05274,202910,183674,1.9e-05,2026-07-19T19:00:00Z,64484.0,64445.0,0.0605
2026-07-19T21:03:53+00:00,64554.0,64590.0,0.05575,203133,183864,1.9e-05,2026-07-19T21:00:00Z,64555.0,64539.0,0.0248
2026-07-19T22:07:12+00:00,64371.0,64404.0,0.05125,167966,218331,1.9e-05,2026-07-19T22:00:00Z,64384.0,64539.0,-0.2402
2026-07-20T00:07:15+00:00,64818.0,64831.0,0.02005,182261,216554,1.8e-05,2026-07-20T00:00:00Z,64817.0,64704.0,0.1746
2026-07-20T04:47:17+00:00,64718.0,64746.0,0.04326,182973,204765,1.7e-05,2026-07-20T04:00:00Z,64707.0,64699.0,0.0124
2026-07-20T07:19:25+00:00,63913.0,63950.0,0.05787,227151,157283,1.6e-05,2026-07-20T07:00:00Z,63931.5,63903.5,0.0438
2026-07-20T07:28:28+00:00,64142.0,64172.0,0.04676,227720,157613,1.6e-05,2026-07-20T07:00:00Z,64157.0,64126.0,0.0483
2026-07-20T10:19:38+00:00,64275.0,64315.0,0.06221,208388,177520,1.6e-05,2026-07-20T10:00:00Z,64295.0,64268.5,0.0412
2026-07-20T12:35:04+00:00,64718.0,64747.0,0.0448,181301,217090,1.6e-05,2026-07-20T12:00:00Z,64732.5,64688.5,0.068
2026-07-20T14:51:53+00:00,64372.0,64406.0,0.0528,235659,150678,1.6e-05,2026-07-20T14:00:00Z,64389.0,64368.5,0.0318
2026-07-20T16:39:49+00:00,65472.0,65511.0,0.05955,197573,193305,1.6e-05,2026-07-20T16:00:00Z,65491.5,65472.0,0.0298
2026-07-20T19:00:35+00:00,65265.0,65296.0,0.04749,239368,150654,1.6e-05,2026-07-20T19:00:00Z,65280.5,65256.5,0.0368
2026-07-20T20:26:47+00:00,65271.0,65312.0,0.0628,239456,150692,1.6e-05,2026-07-20T20:00:00Z,65291.5,65260.5,0.0475
2026-07-20T21:45:42+00:00,65366.0,65402.0,0.05506,239691,150830,1.6e-05,2026-07-20T21:00:00Z,65384.0,65332.5,0.0788
2026-07-20T23:08:52+00:00,65213.0,65252.0,0.05979,239294,150593,1.6e-05,2026-07-20T23:00:00Z,65232.5,65194.5,0.0583
2026-07-21T01:01:58+00:00,65525.0,65562.0,0.05645,240112,151080,1.6e-05,2026-07-21T01:00:00Z,65543.5,65522.0,0.0328
2026-07-21T04:22:13+00:00,65680.0,65714.0,0.05175,240534,151273,1.6e-05,2026-07-21T04:00:00Z,65697.0,65663.0,0.0518
2026-07-21T07:14:18+00:00,65932.0,65966.0,0.05155,239272,175359,1.7e-05,2026-07-21T07:00:00Z,65949.0,65925.0,0.0364
2026-07-21T10:05:00+00:00,66311.0,66349.0,0.05729,242263,76376,1.7e-05,2026-07-21T10:00:00Z,66330.0,66300.0,0.0452
2026-07-21T11:56:26+00:00,66334.0,66350.0,0.02412,213610,94995,1.7e-05,2026-07-21T11:00:00Z,66342.0,66310.5,0.0475
2026-07-21T14:13:36+00:00,66869.0,66890.0,0.0314,205280,209060,1.7e-05,2026-07-21T14:00:00Z,66879.5,66853.5,0.0389
2026-07-21T16:04:42+00:00,66765.0,66802.0,0.0554,221994,207409,1.7e-05,2026-07-21T16:00:00Z,66783.5,66757.5,0.0389
2026-07-21T17:39:48+00:00,66467.0,66490.0,0.0346,231959,173796,1.7e-05,2026-07-21T17:00:00Z,66478.5,66464.5,0.0211
2026-07-21T19:44:49+00:00,66467.0,66502.0,0.05264,221265,173702,1.7e-05,2026-07-21T19:00:00Z,66484.5,66467.5,0.0256
2026-07-21T21:20:37+00:00,66346.0,66386.0,0.06027,220981,173529,1.7e-05,2026-07-21T21:00:00Z,66366.0,66344.5,0.0324
2026-07-21T22:29:33+00:00,66285.0,66318.0,0.04977,220825,173410,1.7e-05,2026-07-21T22:00:00Z,66301.5,66278.0,0.0355
2026-07-21T23:32:28+00:00,66398.0,66435.0,0.05571,221092,173610,1.7e-05,2026-07-21T23:00:00Z,66416.5,66393.0,0.0354
2026-07-22T01:00:31+00:00,66657.0,66691.0,0.05099,235965,159884,1.7e-05,2026-07-22T01:00:00Z,66674.0,66650.0,0.036
2026-07-22T04:24:22+00:00,66400.0,66437.0,0.05571,235287,159500,1.6e-05,2026-07-22T04:00:00Z,66418.5,66370.5,0.0723
2026-07-22T07:15:43+00:00,65928.0,65963.0,0.05307,211655,181191,1.6e-05,2026-07-22T07:00:00Z,65945.5,65921.5,0.0364
2026-07-22T10:03:30+00:00,65954.0,65989.0,0.05305,229294,163540,1.5e-05,2026-07-22T10:00:00Z,65971.5,65948.5,0.0349
2026-07-22T11:57:52+00:00,66033.0,66049.0,0.02423,240139,168718,1.5e-05,2026-07-22T11:00:00Z,66041.0,66028.5,0.0189
2026-07-22T14:17:01+00:00,65759.0,65793.0,0.05169,232837,159319,1.4e-05,2026-07-22T14:00:00Z,65776.0,65757.5,0.0281
2026-07-22T16:04:40+00:00,66034.0,66070.0,0.0545,241523,98621,1.4e-05,2026-07-22T16:00:00Z,66052.0,66028.5,0.0356
2026-07-22T17:36:54+00:00,66099.0,66130.0,0.04689,241708,76343,1.4e-05,2026-07-22T17:00:00Z,66114.5,66087.0,0.0416
2026-07-22T18:45:23+00:00,65774.0,65809.0,0.0532,240808,76234,1.4e-05,2026-07-22T18:00:00Z,65791.5,65763.0,0.0433
2026-07-22T20:17:33+00:00,65911.0,65943.0,0.04854,241190,76270,1.4e-05,2026-07-22T20:00:00Z,65927.0,65897.0,0.0455
2026-07-22T21:39:36+00:00,66056.0,66092.0,0.05448,241586,76310,1.4e-05,2026-07-22T21:00:00Z,66074.0,66047.0,0.0409
2026-07-22T23:12:06+00:00,65998.0,66033.0,0.05302,241438,76302,1.4e-05,2026-07-22T23:00:00Z,66015.5,65991.5,0.0364
2026-07-23T01:05:21+00:00,66173.0,66208.0,0.05288,241921,76361,1.4e-05,2026-07-23T01:00:00Z,66190.5,66147.5,0.065
2026-07-23T04:26:19+00:00,65746.0,65784.0,0.05778,262937,75889,1.4e-05,2026-07-23T04:00:00Z,65765.0,65733.5,0.0479
2026-07-23T07:10:08+00:00,65709.0,65741.0,0.04869,262830,76215,1.4e-05,2026-07-23T07:00:00Z,65725.0,65697.0,0.0426
2026-07-23T10:02:05+00:00,65619.0,65653.0,0.0518,240370,76220,1.5e-05,2026-07-23T10:00:00Z,65636.0,65602.5,0.0511
2026-07-23T11:57:13+00:00,65562.0,65596.0,0.05185,247796,76193,1.5e-05,2026-07-23T11:00:00Z,65579.0,65549.5,0.045
2026-07-23T14:25:13+00:00,65137.0,65177.0,0.06139,239072,76096,1.6e-05,2026-07-23T14:00:00Z,65157.0,65127.0,0.0461
2026-07-23T16:10:05+00:00,64863.0,64893.0,0.04624,238278,76011,1.7e-05,2026-07-23T16:00:00Z,64878.0,64846.5,0.0486
2026-07-23T17:56:48+00:00,64818.0,64850.0,0.04936,238140,76000,1.7e-05,2026-07-23T17:00:00Z,64834.0,64807.0,0.0417
2026-07-23T19:39:05+00:00,64847.0,64882.0,0.05396,238216,75999,1.8e-05,2026-07-23T19:00:00Z,64864.5,64835.5,0.0447
2026-07-23T21:15:59+00:00,65068.0,65102.0,0.05224,233877,76079,1.9e-05,2026-07-23T21:00:00Z,65085.0,65054.5,0.0469
2026-07-23T22:33:07+00:00,65197.0,65230.0,0.0506,234196,76087,2e-05,2026-07-23T22:00:00Z,65213.5,65180.5,0.0506
2026-07-23T23:31:34+00:00,65178.0,65213.0,0.05368,234162,76105,2e-05,2026-07-23T23:00:00Z,65195.5,65163.0,0.0499
2026-07-24T01:00:00+00:00,64994.0,65023.0,0.04461,213105,76027,2.1e-05,2026-07-24T01:00:00Z,65008.5,64958.0,0.0777
2026-07-24T04:22:19+00:00,65370.0,65402.0,0.04894,213981,76142,2.2e-05,2026-07-24T04:00:00Z,65386.0,65350.0,0.0551
2026-07-24T07:11:54+00:00,65743.0,65780.0,0.05626,215104,76258,2.3e-05,2026-07-24T07:00:00Z,65761.5,65722.5,0.0593
2026-07-24T09:58:38+00:00,65129.0,65162.0,0.05066,213664,76080,2.4e-05,2026-07-24T09:00:00Z,65145.5,65106.5,0.0599
2026-07-24T11:49:34+00:00,64929.0,64962.0,0.05081,212912,76028,2.4e-05,2026-07-24T11:00:00Z,64945.5,64908.0,0.0578
2026-07-24T14:03:50+00:00,64043.0,64077.0,0.05308,267280,75793,2.5e-05,2026-07-24T14:00:00Z,64060.0,64019.5,0.0633
2026-07-24T15:38:17+00:00,64269.0,64308.0,0.06066,207999,57323,2.5e-05,2026-07-24T15:00:00Z,64288.5,64236.0,0.0817
2026-07-24T17:45:49+00:00,64188.0,64224.0,0.05607,207812,56434,2.5e-05,2026-07-24T17:00:00Z,64206.0,64164.5,0.0647
2026-07-24T19:42:02+00:00,64266.0,64299.0,0.05134,207988,55320,2.5e-05,2026-07-24T19:00:00Z,64282.5,64242.5,0.0623
2026-07-24T21:14:19+00:00,64174.0,64199.0,0.03895,218768,53027,2.5e-05,2026-07-24T21:00:00Z,64186.5,64158.5,0.0436
2026-07-24T22:37:11+00:00,64212.0,64248.0,0.05605,208222,51574,2.5e-05,2026-07-24T22:00:00Z,64230.0,64191.5,0.06
2026-07-24T23:39:07+00:00,64162.0,64197.0,0.05453,208095,51989,2.5e-05,2026-07-24T23:00:00Z,64179.5,64142.5,0.0577
2026-07-25T03:31:30+00:00,64090.0,64129.0,0.06083,207596,55358,2.4e-05,2026-07-25T03:00:00Z,64109.5,64070.5,0.0609
2026-07-25T06:02:23+00:00,64050.0,64063.0,0.02029,218121,55957,2.4e-05,2026-07-25T06:00:00Z,64056.5,64031.0,0.0398
2026-07-25T08:19:34+00:00,63997.0,64017.0,0.03125,217992,56338,2.3e-05,2026-07-25T08:00:00Z,64007.0,63980.0,0.0422
2026-07-25T10:11:26+00:00,64050.0,64059.0,0.01405,218126,55955,2.3e-05,2026-07-25T10:00:00Z,64054.5,64023.5,0.0484
2026-07-25T11:46:54+00:00,64079.0,64098.0,0.02965,218200,55787,2.3e-05,2026-07-25T11:00:00Z,64088.5,64061.0,0.0429
2026-07-25T13:54:56+00:00,64211.0,64240.0,0.04515,207860,55207,2.3e-05,2026-07-25T13:00:00Z,64225.5,64183.0,0.0662
2026-07-25T15:12:56+00:00,64273.0,64281.0,0.01245,218655,54662,2.3e-05,2026-07-25T15:00:00Z,64277.0,64254.0,0.0358
2026-07-25T16:27:51+00:00,64167.0,64199.0,0.04986,207745,55432,2.3e-05,2026-07-25T16:00:00Z,64183.0,64139.0,0.0686
2026-07-25T17:34:13+00:00,64325.0,64357.0,0.04974,208129,54169,2.3e-05,2026-07-25T17:00:00Z,64341.0,64296.0,0.07
2026-07-25T18:32:29+00:00,64419.0,64451.0,0.04966,208329,54598,2.3e-05,2026-07-25T18:00:00Z,64435.0,64396.5,0.0598
2026-07-25T19:47:21+00:00,64423.0,64456.0,0.05121,208338,54569,2.3e-05,2026-07-25T19:00:00Z,64439.5,64396.0,0.0676
2026-07-25T21:03:02+00:00,64346.0,64382.0,0.05593,208169,55157,2.3e-05,2026-07-25T21:00:00Z,64364.0,64317.5,0.0723
2026-07-25T22:02:38+00:00,64397.0,64430.0,0.05123,208291,54239,2.4e-05,2026-07-25T22:00:00Z,64413.5,64372.5,0.0637
2026-07-25T23:03:14+00:00,64426.0,64428.0,0.0031,175672,203170,2.4e-05,2026-07-25T23:00:00Z,64427.0,64407.5,0.0303
2026-07-26T00:07:53+00:00,64452.0,64467.0,0.02327,175952,207847,2.4e-05,2026-07-26T00:00:00Z,64459.5,64431.5,0.0435
2026-07-26T04:08:45+00:00,64537.0,64541.0,0.0062,176067,207570,2.3e-05,2026-07-26T04:00:00Z,64539.0,64518.5,0.0318
2026-07-26T07:13:51+00:00,64435.0,64444.0,0.01397,180059,208862,2.3e-05,2026-07-26T07:00:00Z,64439.5,64418.5,0.0326
2026-07-26T09:36:04+00:00,64543.0,64556.0,0.02014,180248,208274,2.2e-05,2026-07-26T09:00:00Z,64549.5,64518.0,0.0488
2026-07-26T11:06:08+00:00,64572.0,64575.0,0.00465,208689,211608,2.2e-05,2026-07-26T11:00:00Z,64573.5,64530.5,0.0666
2026-07-26T12:12:09+00:00,64606.0,64617.0,0.01702,219669,200524,2.3e-05,2026-07-26T12:00:00Z,64611.5,64587.0,0.0379
2026-07-26T14:11:28+00:00,64705.0,64709.0,0.00618,204779,168549,2.3e-05,2026-07-26T14:00:00Z,64707.0,64679.0,0.0433
2026-07-26T15:42:37+00:00,64810.0,64824.0,0.0216,205010,173207,2.2e-05,2026-07-26T15:00:00Z,64817.0,64785.5,0.0486
2026-07-26T17:11:11+00:00,64739.0,64746.0,0.01081,204904,174040,2.2e-05,2026-07-26T17:00:00Z,64742.5,64719.0,0.0363
2026-07-26T18:36:14+00:00,64721.0,64739.0,0.02781,204926,172813,2.1e-05,2026-07-26T18:00:00Z,64730.0,64693.5,0.0564
2026-07-26T19:48:20+00:00,64736.0,64743.0,0.01081,204963,172739,2.1e-05,2026-07-26T19:00:00Z,64739.5,64705.0,0.0533
2026-07-26T21:06:50+00:00,64706.0,64717.0,0.017,204901,172932,2e-05,2026-07-26T21:00:00Z,64711.5,64680.0,0.0487
2026-07-26T22:09:06+00:00,65184.0,65206.0,0.03374,213334,186945,2e-05,2026-07-26T22:00:00Z,65195.0,65152.5,0.0652
2026-07-26T23:32:51+00:00,65345.0,65371.0,0.03978,224556,177100,2e-05,2026-07-26T23:00:00Z,65358.0,65326.0,0.049
2026-07-27T01:12:11+00:00,65143.0,65161.0,0.02763,224074,176072,2e-05,2026-07-27T01:00:00Z,65152.0,65150.5,0.0023
2026-07-27T05:28:30+00:00,65429.0,65452.0,0.03515,224721,177239,2.1e-05,2026-07-27T05:00:00Z,65440.5,65411.0,0.0451
2026-07-27T08:57:23+00:00,65200.0,65237.0,0.05673,239181,76093,2.2e-05,2026-07-27T08:00:00Z,65218.5,65178.5,0.0614
2026-07-27T12:34:33+00:00,64886.0,64921.0,0.05393,238331,76011,2.1e-05,2026-07-27T12:00:00Z,64903.5,64861.5,0.0648
2026-07-27T15:26:38+00:00,64630.0,64662.0,0.0495,266648,75953,2.1e-05,2026-07-27T15:00:00Z,64646.0,64609.5,0.0565
2026-07-27T17:19:15+00:00,64947.0,64988.0,0.06311,235887,73417,2.2e-05,2026-07-27T17:00:00Z,64967.5,64841.5,0.1943
2026-07-27T18:58:57+00:00,64884.0,64920.0,0.05547,238328,76011,2.2e-05,2026-07-27T18:00:00Z,64902.0,64864.0,0.0586
2026-07-27T20:38:18+00:00,65019.0,65052.0,0.05074,238699,76054,2.2e-05,2026-07-27T20:00:00Z,65035.5,64992.5,0.0662
2026-07-27T22:13:46+00:00,64736.0,64778.0,0.06486,258680,75985,2.2e-05,2026-07-27T22:00:00Z,64757.0,64724.0,0.051
2026-07-27T23:37:29+00:00,63783.0,63819.0,0.05643,235237,75737,2.2e-05,2026-07-27T23:00:00Z,63801.0,63760.5,0.0635
2026-07-28T03:26:45+00:00,63313.0,63352.0,0.06158,233952,75593,2.3e-05,2026-07-28T03:00:00Z,63332.5,63285.5,0.0743
2026-07-28T06:11:37+00:00,63434.0,63474.0,0.06304,234290,75636,2.3e-05,2026-07-28T06:00:00Z,63454.0,63413.0,0.0647
2026-07-28T09:19:50+00:00,63464.0,63499.0,0.05513,234366,67107,2.4e-05,2026-07-28T09:00:00Z,63481.5,63437.0,0.0701
2026-07-28T11:37:10+00:00,63549.0,63586.0,0.05821,234614,73527,2.4e-05,2026-07-28T11:00:00Z,63567.5,63528.5,0.0614
2026-07-28T13:16:29+00:00,63513.0,63544.0,0.0488,234511,108107,2.5e-05,2026-07-28T13:00:00Z,63528.5,63488.5,0.063
2026-07-28T15:52:32+00:00,63866.0,63887.0,0.03288,220048,174751,2.5e-05,2026-07-28T15:00:00Z,63876.5,63850.5,0.0407
2026-07-28T17:42:51+00:00,63606.0,63639.0,0.05187,209044,174075,2.4e-05,2026-07-28T17:00:00Z,63622.5,63568.0,0.0857
2026-07-28T19:45:34+00:00,63715.0,63736.0,0.03295,219940,173211,2.4e-05,2026-07-28T19:00:00Z,63725.5,63691.5,0.0534
2026-07-28T21:16:50+00:00,63939.0,63957.0,0.02815,220693,170049,2.4e-05,2026-07-28T21:00:00Z,63948.0,63911.0,0.0579
2026-07-28T22:36:51+00:00,63911.0,63933.0,0.03442,206527,187855,2.5e-05,2026-07-28T22:00:00Z,63922.0,63889.5,0.0509
2026-07-28T23:35:18+00:00,63839.0,63848.0,0.0141,206354,188237,2.5e-05,2026-07-28T23:00:00Z,63843.5,63819.5,0.0376
2026-07-29T01:03:25+00:00,64015.0,64037.0,0.03436,206273,182636,2.5e-05,2026-07-29T01:00:00Z,64026.0,63997.5,0.0445
2026-07-29T04:21:06+00:00,63698.0,63718.0,0.03139,205575,183380,2.4e-05,2026-07-29T04:00:00Z,63708.0,63657.0,0.0801
2026-07-29T07:23:14+00:00,64457.0,64469.0,0.01862,175516,216852,2.4e-05,2026-07-29T07:00:00Z,64463.0,64439.0,0.0372
2026-07-29T10:13:02+00:00,64658.0,64670.0,0.01856,187588,205786,2.3e-05,2026-07-29T10:00:00Z,64664.0,64642.0,0.034
2026-07-29T12:32:02+00:00,64364.0,64368.0,0.00621,205929,186097,2.2e-05,2026-07-29T12:00:00Z,64366.0,64355.5,0.0163
2026-07-29T14:54:28+00:00,64249.0,64267.0,0.02801,203485,168709,2.2e-05,2026-07-29T14:00:00Z,64258.0,64226.0,0.0498
2026-07-29T16:36:01+00:00,63934.0,63953.0,0.02971,202947,168290,2.1e-05,2026-07-29T16:00:00Z,63943.5,63912.0,0.0493
2026-07-29T17:51:45+00:00,64080.0,64117.0,0.05772,229172,132223,2.1e-05,2026-07-29T17:00:00Z,64098.5,64059.5,0.0609
2026-07-29T19:37:04+00:00,64043.0,64077.0,0.05308,228931,58992,2e-05,2026-07-29T19:00:00Z,64060.0,64033.5,0.0414
2026-07-29T20:33:16+00:00,63566.0,63597.0,0.04876,227619,59000,2e-05,2026-07-29T20:00:00Z,63581.5,63558.0,0.037
2026-07-29T21:29:52+00:00,63598.0,63623.0,0.0393,227709,69795,2e-05,2026-07-29T21:00:00Z,63610.5,63572.5,0.0598
2026-07-29T22:32:06+00:00,63988.0,64022.0,0.05312,228768,59010,2e-05,2026-07-29T22:00:00Z,64005.0,63980.0,0.0391
2026-07-29T23:35:18+00:00,63991.0,64025.0,0.05312,228781,58998,2e-05,2026-07-29T23:00:00Z,64008.0,63983.5,0.0383
2026-07-30T00:58:32+00:00,63648.0,63681.0,0.05183,227859,59002,2e-05,2026-07-30T00:00:00Z,63664.5,63655.5,0.0141
2026-07-30T04:13:02+00:00,64122.0,64156.0,0.05301,229095,102726,1.9e-05,2026-07-30T04:00:00Z,64139.0,64109.5,0.046
2026-07-30T06:26:09+00:00,64080.0,64112.0,0.04993,229016,102738,1.8e-05,2026-07-30T06:00:00Z,64096.0,64066.0,0.0468
2026-07-30T06:54:08+00:00,63993.0,64025.0,0.04999,228793,58996,1.8e-05,2026-07-30T06:00:00Z,64009.0,63986.5,0.0352,0.13683,62965,47867,1900.2,0.0071
2026-07-30T07:16:52+00:00,64041.0,64065.0,0.03747,228912,67962,1.8e-05,2026-07-30T07:00:00Z,64053.0,64038.5,0.0226,0.13654,49807,47891,1904.2,0.0121
2026-07-30T10:00:49+00:00,64580.0,64610.0,0.04644,216107,44679,1.7e-05,2026-07-30T10:00:00Z,64595.0,64574.0,0.0325,0.10426,51833,36620,1918.2,0.005
2026-07-30T11:58:31+00:00,64836.0,64861.0,0.03855,224725,44851,1.7e-05,2026-07-30T11:00:00Z,64848.5,64804.5,0.0679,0.11955,51915,36422,1923.95,-0.0062
2026-07-30T14:25:04+00:00,64781.0,64805.0,0.03704,216784,52709,1.6e-05,2026-07-30T14:00:00Z,64793.0,64690.5,0.1584,0.12495,51863,36755,1920.7,-0.0081
2026-07-30T16:09:07+00:00,64858.0,64874.0,0.02467,224822,44865,1.6e-05,2026-07-30T16:00:00Z,64866.0,64850.5,0.0239,0.11441,51894,36533,1922.9,0.0039
2026-07-30T17:58:48+00:00,64881.0,64898.0,0.0262,224923,44890,1.6e-05,2026-07-30T17:00:00Z,64889.5,64864.0,0.0393,0.08329,51967,36616,1921.0,-0.0208
2026-07-30T19:44:55+00:00,64843.0,64850.0,0.01079,224799,100677,1.5e-05,2026-07-30T19:00:00Z,64846.5,64835.0,0.0177,0.07791,52027,36756,1925.35,-0.0288
2026-07-30T21:19:20+00:00,64757.0,64783.0,0.04014,224589,100629,1.5e-05,2026-07-30T21:00:00Z,64770.0,64748.5,0.0332,0.08322,52000,36629,1922.6,-0.0198
2026-07-30T22:39:57+00:00,64915.0,64938.0,0.03542,224990,100672,1.5e-05,2026-07-30T22:00:00Z,64926.5,64905.5,0.0324,0.09845,52097,36673,1929.85,0.0078
2026-07-31T00:11:54+00:00,64792.0,64817.0,0.03858,227246,47445,1.4e-05,2026-07-31T00:00:00Z,64804.5,64784.5,0.0309,0.09386,39121,37005,1917.7,-0.0156
2026-07-31T04:03:37+00:00,64399.0,64400.0,0.00155,223606,49287,1.4e-05,2026-07-31T04:00:00Z,64399.5,64403.0,-0.0054,0.08384,51791,36660,1908.5,-0.0131
2026-07-31T06:51:44+00:00,64238.0,64275.0,0.05758,339381,47738,1.3e-05,2026-07-31T06:00:00Z,64256.5,64208.0,0.0755,0.09982,51727,36747,1903.35,0.0292
2026-07-31T09:50:27+00:00,63736.0,63754.0,0.02824,225483,45453,1.4e-05,2026-07-31T09:00:00Z,63745.0,63730.0,0.0235,0.10083,51449,36619,1884.45,0.0005
2026-07-31T12:07:25+00:00,63770.0,63805.0,0.05487,217378,45079,1.5e-05,2026-07-31T12:00:00Z,63787.5,63800.5,-0.0204,0.09572,51395,36377,1880.4,0.0074
2026-07-31T15:02:31+00:00,62640.0,62667.0,0.04309,212015,44839,1.5e-05,2026-07-31T15:00:00Z,62653.5,62627.0,0.0423,0.09148,51082,36349,1858.25,-0.0048
2026-07-31T16:50:48+00:00,62875.0,62906.0,0.04929,212616,44867,1.5e-05,2026-07-31T16:00:00Z,62890.5,62857.0,0.0533,0.09654,51160,36510,1864.6,-0.007
2026-07-31T18:26:12+00:00,63137.0,63167.0,0.0475,213295,44878,1.6e-05,2026-07-31T18:00:00Z,63152.0,63122.5,0.0467,0.11228,38264,36211,1870.35,-0.0096
2026-07-31T20:05:42+00:00,63001.0,63027.0,0.04126,212895,44874,1.7e-05,2026-07-31T20:00:00Z,63014.0,62982.0,0.0508,0.09632,51229,36402,1868.7,0.0056
2026-07-31T21:17:15+00:00,63051.0,63079.0,0.0444,212991,44874,1.8e-05,2026-07-31T21:00:00Z,63065.0,63006.0,0.0936,0.09123,51147,36371,1863.45,0.0046
2026-07-31T22:35:17+00:00,62987.0,63019.0,0.05079,212905,44873,1.8e-05,2026-07-31T22:00:00Z,63003.0,62969.5,0.0532,0.09656,51164,36278,1864.2,-0.0056
2026-07-31T23:36:50+00:00,63002.0,63027.0,0.03967,212918,44844,1.8e-05,2026-07-31T23:00:00Z,63014.5,62979.0,0.0564,0.0912,51154,36387,1864.05,-0.0005
2026-08-01T01:09:25+00:00,62982.0,63007.0,0.03969,215237,47376,1.9e-05,2026-08-01T01:00:00Z,62994.5,62967.0,0.0437,0.09641,51701,37025,1867.1,0.0056
2026-08-01T04:58:21+00:00,63113.0,63144.0,0.04911,215758,47420,2e-05,2026-08-01T04:00:00Z,63128.5,63101.0,0.0436,0.09091,51752,36928,1870.05,0.0019
2026-08-01T07:33:59+00:00,63063.0,63092.0,0.04598,220307,47415,2.1e-05,2026-08-01T07:00:00Z,63077.5,63038.0,0.0627,0.09095,61084,36812,1869.25,-0.0126
2026-08-01T09:33:42+00:00,63137.0,63166.0,0.04592,215757,47400,2.1e-05,2026-08-01T09:00:00Z,63151.5,63114.0,0.0594,0.1016,51755,37046,1870.15,-0.0035
2026-08-01T11:03:00+00:00,63064.0,63089.0,0.03963,214741,47397,2.2e-05,2026-08-01T11:00:00Z,63076.5,63045.5,0.0492,0.09641,51711,36911,1867.0,-0.0051
2026-08-01T12:08:08+00:00,63134.0,63159.0,0.03959,222742,47396,2.2e-05,2026-08-01T12:00:00Z,63146.5,63112.0,0.0547,0.09634,51736,36915,1868.3,-0.007
2026-08-01T14:08:13+00:00,63119.0,63126.0,0.01109,223570,47406,2.2e-05,2026-08-01T14:00:00Z,63122.5,63098.0,0.0388,0.10153,51777,37056,1871.45,0.0003
2026-08-01T15:39:55+00:00,63070.0,63087.0,0.02695,223425,47381,2.2e-05,2026-08-01T15:00:00Z,63078.5,63051.0,0.0436,0.0908,51787,36943,1872.25,0.0091
2026-08-01T17:10:04+00:00,62985.0,63001.0,0.0254,223213,47391,2.2e-05,2026-08-01T17:00:00Z,62993.0,62973.0,0.0318,0.09096,51743,36920,1868.95,-0.0115
2026-08-01T18:32:34+00:00,62374.0,62441.0,0.10736,213692,47389,2.1e-05,2026-08-01T18:00:00Z,62407.5,62362.5,0.0722,0.22305,31179,16831,1838.15,0.0286
2026-08-01T19:46:21+00:00,62516.0,62544.0,0.04478,214163,47372,2.1e-05,2026-08-01T19:00:00Z,62530.0,62494.5,0.0568,0.09256,51270,36608,1836.55,-0.0005
2026-08-01T21:04:11+00:00,62783.0,62803.0,0.03185,214761,55262,2.2e-05,2026-08-01T21:00:00Z,62793.0,62749.0,0.0701,0.09238,51317,36636,1840.25,-0.0125
2026-08-01T22:04:53+00:00,62852.0,62875.0,0.03659,214947,55255,2.2e-05,2026-08-01T22:00:00Z,62863.5,62822.0,0.0661,0.10289,51407,36788,1846.65,0.006
2026-08-01T23:04:04+00:00,62872.0,62901.0,0.04611,215018,47385,2.2e-05,2026-08-01T23:00:00Z,62886.5,62847.0,0.0629,0.09741,51440,36688,1847.8,-0.0138
2026-08-02T00:05:57+00:00,62926.0,62953.0,0.0429,215261,55305,2.2e-05,2026-08-02T00:00:00Z,62939.5,62902.5,0.0588,0.09195,51457,36907,1848.85,-0.0046
2026-08-02T03:46:54+00:00,63530.0,63552.0,0.03462,224691,47411,2.3e-05,2026-08-02T03:00:00Z,63541.0,63502.5,0.0606,0.08516,51880,36996,1878.8,-0.0085
2026-08-02T06:40:28+00:00,63488.0,63513.0,0.03937,216813,47444,2.3e-05,2026-08-02T06:00:00Z,63500.5,63462.5,0.0599,0.0959,51845,36754,1877.0,0.0322
2026-08-02T09:16:14+00:00,63286.0,63313.0,0.04265,216285,47414,2.3e-05,2026-08-02T09:00:00Z,63299.5,63262.5,0.0585,0.08553,51764,37048,1870.6,0.0045
2026-08-02T11:03:33+00:00,63200.0,63225.0,0.03955,216053,47421,2.4e-05,2026-08-02T11:00:00Z,63212.5,63179.0,0.053,0.10171,51723,36922,1868.05,0.004
2026-08-02T12:10:42+00:00,63160.0,63185.0,0.03957,215904,54851,2.4e-05,2026-08-02T12:00:00Z,63172.5,63130.0,0.0673,0.09698,51547,36960,1856.0,0.0065
2026-08-02T14:10:37+00:00,63101.0,63132.0,0.04912,215699,46959,2.5e-05,2026-08-02T14:00:00Z,63116.5,63068.5,0.0761,0.09708,51520,36832,1854.2,0.0289
2026-08-02T15:41:09+00:00,63151.0,63184.0,0.05224,215851,46960,2.5e-05,2026-08-02T15:00:00Z,63167.5,63133.5,0.0539,0.0914,51607,36536,1860.05,-0.0024
2026-08-02T17:10:26+00:00,63173.0,63208.0,0.05539,215919,46970,2.6e-05,2026-08-02T17:00:00Z,63190.5,63152.0,0.061,0.09661,51648,36778,1863.1,-0.003
2026-08-02T18:33:15+00:00,63324.0,63356.0,0.05052,216366,46979,2.6e-05,2026-08-02T18:00:00Z,63340.0,63296.0,0.0695,0.08557,51748,36931,1869.8,0.007
2026-08-02T19:46:27+00:00,63467.0,63497.0,0.04726,216768,46976,2.6e-05,2026-08-02T19:00:00Z,63482.0,63444.0,0.0599,0.10104,51901,37116,1880.45,-0.0056
2026-08-02T21:04:26+00:00,63564.0,63598.0,0.05348,216996,46978,2.6e-05,2026-08-02T21:00:00Z,63581.0,63529.0,0.0819,0.10079,51960,37139,1885.05,0.0008
2026-08-02T22:04:36+00:00,63700.0,63731.0,0.04865,217398,47385,2.6e-05,2026-08-02T22:00:00Z,63715.5,63681.5,0.0534,0.10023,52130,36988,1895.55,0.0034
2026-08-02T23:04:28+00:00,63455.0,63474.0,0.02994,224525,47371,2.6e-05,2026-08-02T23:00:00Z,63464.5,63438.5,0.041,0.04784,51916,56135,1881.45,-0.0173
2026-08-03T00:07:21+00:00,63461.0,63479.0,0.02836,224545,47401,2.5e-05,2026-08-03T00:00:00Z,63470.0,63445.5,0.0386,0.09045,51892,37003,1879.55,-0.0207
2026-08-03T04:09:28+00:00,62910.0,62921.0,0.01748,223047,47379,2.3e-05,2026-08-03T04:00:00Z,62915.5,62897.5,0.0286,0.0807,51589,36864,1858.65,0.0086
2026-08-03T07:59:50+00:00,62629.0,62660.0,0.04949,214405,46926,2.3e-05,2026-08-03T07:00:00Z,62644.5,62614.5,0.0479,0.0922,51372,36764,1843.85,0.0024
2026-08-03T11:36:58+00:00,62787.0,62822.0,0.05573,214916,46941,2.2e-05,2026-08-03T11:00:00Z,62804.5,62772.0,0.0518,0.09204,51423,36896,1846.95,0.0108
2026-08-03T14:00:04+00:00,63386.0,63397.0,0.01735,223378,47407,2.2e-05,2026-08-03T14:00:00Z,63391.5,63377.5,0.0221,0.10754,51600,42367,1859.8,-1.2174
2026-08-03T16:32:52+00:00,63826.0,63840.0,0.02193,224614,47456,2.1e-05,2026-08-03T16:00:00Z,63833.0,63822.0,0.0172,0.08571,51701,36801,1866.8,-0.0075
2026-08-03T18:20:00+00:00,63937.0,63964.0,0.04222,205312,47459,2.1e-05,2026-08-03T18:00:00Z,63950.5,63918.5,0.0501,0.08552,51769,36829,1871.0,0.0056
2026-08-03T20:15:19+00:00,63917.0,63946.0,0.04536,205282,47439,2e-05,2026-08-03T20:00:00Z,63931.5,63899.5,0.0501,0.08014,51768,36936,1871.75,-0.0032
2026-08-03T21:43:48+00:00,63701.0,63731.0,0.04708,204726,47411,2e-05,2026-08-03T21:00:00Z,63716.0,63689.5,0.0416,0.09099,51720,36809,1868.35,0.0158
2026-08-03T23:12:59+00:00,63580.0,63599.0,0.02988,212237,47430,2e-05,2026-08-03T23:00:00Z,63589.5,63559.5,0.0472,0.0969,51584,36742,1857.5,0.0062
2026-08-04T01:02:42+00:00,63469.0,63495.0,0.04096,211600,47425,2e-05,2026-08-04T01:00:00Z,63482.0,63455.0,0.0425,0.09711,51514,36940,1853.5,0.0313
2026-08-04T04:20:24+00:00,63890.0,63920.0,0.04694,205169,47462,2.1e-05,2026-08-04T04:00:00Z,63905.0,63868.5,0.0571,0.09642,51694,37015,1866.8,-0.0086
2026-08-04T07:17:37+00:00,63601.0,63632.0,0.04873,205357,47394,2.2e-05,2026-08-04T07:00:00Z,63616.5,63596.5,0.0314,0.09698,51189,36903,1856.0,-0.0075
2026-08-04T10:14:11+00:00,63560.0,63571.0,0.0173,205079,48417,2.2e-05,2026-08-04T10:00:00Z,63565.5,63525.0,0.0638,0.09698,51552,36849,1856.0,-0.0003
2026-08-04T12:27:37+00:00,63841.0,63864.0,0.03602,213334,47881,2.2e-05,2026-08-04T12:00:00Z,63852.5,63825.5,0.0423,0.08548,51872,36931,1871.7,0.0005
2026-08-04T15:05:08+00:00,64180.0,64198.0,0.02804,214201,47858,2.1e-05,2026-08-04T15:00:00Z,64189.0,64170.5,0.0288,0.09608,51888,36710,1873.4,-0.016
2026-08-04T17:00:06+00:00,63988.0,64015.0,0.04219,205843,48331,2.1e-05,2026-08-04T17:00:00Z,64001.5,63951.0,0.079,0.09624,51845,37139,1870.4,0.0147
2026-08-04T18:44:05+00:00,64275.0,64301.0,0.04044,206580,47915,2.1e-05,2026-08-04T18:00:00Z,64288.0,64248.5,0.0615,0.09601,51912,36942,1874.9,0.0245
2026-08-04T20:38:35+00:00,64261.0,64292.0,0.04823,206631,47897,2.2e-05,2026-08-04T20:00:00Z,64276.5,64238.0,0.0599,0.08534,51909,37158,1874.9,0.0115
2026-08-04T22:18:57+00:00,64225.0,64255.0,0.0467,206511,47882,2.2e-05,2026-08-04T22:00:00Z,64240.0,64209.5,0.0475,0.09605,51894,37051,1874.0,0.0125
2026-08-04T23:35:25+00:00,64213.0,64238.0,0.03893,206482,47875,2.2e-05,2026-08-04T23:00:00Z,64225.5,64196.0,0.046,0.08559,51830,36801,1869.3,0.0123
2026-08-05T00:58:21+00:00,64036.0,64068.0,0.04996,206025,47869,2.2e-05,2026-08-05T00:00:00Z,64052.0,64019.5,0.0508,0.09119,51759,36971,1864.15,0.0086
2026-08-05T04:18:36+00:00,64122.0,64149.0,0.0421,206247,47846,2.2e-05,2026-08-05T04:00:00Z,64135.5,64103.0,0.0507,0.08039,51782,36890,1865.85,0.0048
2026-08-05T07:18:27+00:00,64172.0,64202.0,0.04674,206330,47913,2.2e-05,2026-08-05T07:00:00Z,64187.0,64153.5,0.0522,0.08034,51803,36895,1867.15,0.0179
2026-08-05T10:11:58+00:00,64144.0,64163.0,0.02962,215079,53456,2.2e-05,2026-08-05T10:00:00Z,64153.5,64122.0,0.0491,0.02673,52056,37103,1870.55,-0.0216
2026-08-05T12:25:18+00:00,64500.0,64531.0,0.04805,208208,48870,2.1e-05,2026-08-05T12:00:00Z,64515.5,64479.0,0.0566,0.01064,52195,37299,1880.5,0.0348
2026-08-05T14:58:18+00:00,64493.0,64524.0,0.04806,208178,48865,2.2e-05,2026-08-05T14:00:00Z,64508.5,64469.0,0.0613,0.0746,52128,37151,1876.8,0.0253
2026-08-05T16:47:53+00:00,64651.0,64682.0,0.04794,208911,48847,2.3e-05,2026-08-05T16:00:00Z,64666.5,64632.0,0.0534,0.10053,52328,37240,1890.05,0.0093
2026-08-05T18:41:07+00:00,64807.0,64832.0,0.03857,209584,48875,2.3e-05,2026-08-05T18:00:00Z,64819.5,64784.5,0.054,0.09903,52699,37419,1918.55,0.018
2026-08-05T20:36:48+00:00,65014.0,65032.0,0.02768,209764,56770,2.3e-05,2026-08-05T20:00:00Z,65023.0,64975.5,0.0731,0.08854,52708,37544,1920.05,0.0188
2026-08-05T21:51:39+00:00,64772.0,64784.0,0.01852,209082,75085,2.3e-05,2026-08-05T21:00:00Z,64778.0,64736.5,0.0641,0.09944,52580,37597,1910.65,0.0157
2026-08-05T23:10:58+00:00,64714.0,64729.0,0.02318,209010,75038,2.4e-05,2026-08-05T23:00:00Z,64721.5,64674.5,0.0727,0.09951,52595,37574,1909.45,0.0029
2026-08-06T00:55:00+00:00,64704.0,64733.0,0.04481,208272,48826,2.4e-05,2026-08-06T00:00:00Z,64718.5,64678.5,0.0618,0.09938,52626,37602,1911.85,0.0084
2026-08-06T04:21:35+00:00,64692.0,64708.0,0.02473,208193,56677,2.4e-05,2026-08-06T04:00:00Z,64700.0,64660.5,0.0611,0.08926,52508,37533,1904.55,0.0215
2026-08-06T07:20:28+00:00,64937.0,64968.0,0.04773,207056,47034,2.4e-05,2026-08-06T07:00:00Z,64952.5,64919.5,0.0508,0.12018,52281,37109,1913.75,0.0112
2026-08-06T10:13:16+00:00,64624.0,64650.0,0.04022,190670,50377,2.4e-05,2026-08-06T10:00:00Z,64637.0,64603.5,0.0519,0.04203,53624,38435,1903.3,-0.0383
2026-08-06T12:28:21+00:00,64566.0,64591.0,0.03871,190311,50729,2.4e-05,2026-08-06T12:00:00Z,64578.5,64542.0,0.0566,0.063,53665,38500,1904.7,-0.0136
2026-08-06T14:57:08+00:00,64771.0,64802.0,0.04785,190681,50733,2.4e-05,2026-08-06T14:00:00Z,64786.5,64761.5,0.0386,0.05226,53800,38457,1913.6,0.0123
2026-08-07T00:27:47+00:00,64313.0,64343.0,0.04664,123575,50620,1.9e-05,2026-08-07T00:00:00Z,64328.0,64297.0,0.0482,0.05784,50699,41432,1901.85,-0.0155
2026-08-07T03:33:01+00:00,64370.0,64401.0,0.04815,123641,50609,1.8e-05,2026-08-07T03:00:00Z,64385.5,64374.0,0.0179,0.04736,50706,41323,1900.35,-0.0105
2026-08-07T05:17:56+00:00,64246.0,64276.0,0.04668,123418,58599,1.8e-05,2026-08-07T05:00:00Z,64261.0,64216.5,0.0693,0.05272,50638,41253,1896.8,-0.0179
2026-08-07T06:50:47+00:00,64329.0,64361.0,0.04973,123429,50705,1.8e-05,2026-08-07T06:00:00Z,64345.0,64308.5,0.0568,0.05252,50794,41322,1904.2,0.0053
2026-08-07T08:19:15+00:00,64443.0,64475.0,0.04964,158155,50588,1.7e-05,2026-08-07T08:00:00Z,64459.0,64421.0,0.059,0.04722,50731,41437,1906.15,-0.0092
2026-08-07T09:35:21+00:00,64930.0,64962.0,0.04927,124237,121742,1.7e-05,2026-08-07T09:00:00Z,64946.0,64914.0,0.0493,0.05745,52516,43022,1914.65,-0.0118
2026-08-07T10:29:34+00:00,64917.0,64945.0,0.04312,124201,129619,1.8e-05,2026-08-07T10:00:00Z,64931.0,64890.5,0.0624,0.06268,52307,43250,1914.5,-0.0024
2026-08-07T11:25:03+00:00,65151.0,65161.0,0.01535,132357,87267,1.8e-05,2026-08-07T11:00:00Z,65156.0,65138.5,0.0269,0.0834,52437,43045,1918.5,-0.0245
2026-08-07T12:24:27+00:00,65132.0,65135.0,0.00461,132317,86755,1.8e-05,2026-08-07T12:00:00Z,65133.5,65120.5,0.02,0.05181,52576,43176,1930.0,-0.0041
2026-08-07T13:52:47+00:00,65162.0,65176.0,0.02148,132479,50886,1.8e-05,2026-08-07T13:00:00Z,65169.0,65145.5,0.0361,0.04667,52673,42929,1928.55,0.0182
2026-08-07T15:02:33+00:00,64956.0,64980.0,0.03694,124435,111645,1.7e-05,2026-08-07T15:00:00Z,64968.0,64949.0,0.0293,0.0627,52553,42746,1914.0,0.0136
